logged_at,season,week,game_id,kickoff,away_team,home_team,proj_away,proj_home,fair_margin,fair_total,fair_spread,fair_total_line,fund_margin,fund_total,mkt_margin,mkt_total,p_home_win,p_home_win_raw,mkt_p_home_win,open_spread,spread,home_spread_odds,away_spread_odds,open_total,total_line,over_odds,under_odds,home_ml,away_ml,su_pick,su_prob,ats_pick,ats_line,ats_odds,ats_prob,ats_prob_np,ats_ev,ats_stake,value_ats,tot_pick,tot_prob,tot_prob_np,tot_odds,tot_ev,tot_stake,value_tot,ml_pick,ml_odds,ml_prob,ml_ev,ml_stake,value_ml,mo_proj_home,mo_proj_away,mo_fair_spread,mo_fair_total_line,mo_p_home_win,mo_su_pick,mo_su_prob,mo_ats_pick,mo_ats_line,mo_ats_prob_np,mo_tot_pick,mo_tot_prob_np,mo_su_hit,mo_ats_hit,mo_tot_hit,home_score,away_score,su_out,ats_out,tot_out,ml_out,mo_su_out,mo_ats_out,mo_tot_out,ats_profit,tot_profit,ml_profit,close_spread,close_total,ats_clv,tot_clv
2026-10-01T21:30:09+00:00,2026.0,4.0,2026_04_PIT_CLE,2026-10-02 00:15:00+00:00,PIT,CLE,20.460730039823083,17.84536278749767,-2.615367252325415,38.306092827320754,-2.767461082151028,38.0364108669842,-1.600128535082341,37.953104609068845,-2.681150399812396,38.306092827320754,0.3998734656733574,0.4216968986159484,0.4279403644395361,-2.5,-2.5,100.0,-120.0,40.5,38.5,-105.0,-115.0,124.0,-148.0,PIT,0.6001265343266426,PIT,-2.5,-120.0,0.5197867001924611,0.5197867001924611,-0.0470577163138212,0.0,False,UNDER,0.5108342361865807,0.5108342361865807,-115.0,-0.0449620801729143,0.0,False,PIT,-148.0,0.5861630355296832,-0.017780859382693,0.0,False,18.17648803699325,19.7766165720756,-2.115733161467546,37.59506333649634,0.4333871929723286,PIT,0.5666128070276714,CLE,2.5,0.5103509628540774,UNDER,0.521153913081165,0.574825429865415,0.5023128423615338,0.4975704523442277,27.0,24.0,-1.0,-1.0,-1.0,-1.0,-1.0,1.0,-1.0,-1.0,-1.0,-1.0,-2.5,38.5,-0.0,-0.0
2026-10-03T13:06:47+00:00,2026.0,4.0,2026_04_IND_WAS,2026-10-04 13:30:00+00:00,IND,WAS,26.41645132317453,21.530320029579254,-4.886131293595277,47.946771352753785,-3.985736039450905,47.36943339343214,-3.2466033459969217,45.93777677369708,-4.993018313854918,47.946771352753785,0.32843411819488244,0.35586252650713707,0.35527082119976705,1.5,-4.5,-115.0,-105.0,48.5,47.5,-108.0,-112.0,170.0,-205.0,IND,0.6715658818051176,WAS,4.5,-115.0,0.5140462029604017,0.5140462029604017,-0.03895709881316212,0.0,False,UNDER,0.5043297540697376,0.5043297540697376,-112.0,-0.04537582265371104,0.0,False,IND,-205.0,0.6582742036244387,-0.02061642875388392,0.0,False,21.34558671385008,24.592190059847002,-3.0194018708000847,45.30287625608214,0.3798829336509171,IND,0.6201170663490829,WAS,4.5,0.5629342060523362,UNDER,0.5649875480754154,0.6498960013835473,0.5132805842970177,0.4988510536851707,,,,,,,,,,,,,,,,
2026-10-03T13:06:47+00:00,2026.0,4.0,2026_04_ARI_NYG,2026-10-04 17:00:00+00:00,ARI,NYG,23.422340742448434,21.671489771404957,-1.7508509710434745,45.09383051385339,-2.282327425760526,44.38401908055016,3.5164619200277434,43.64656481716234,-2.0942469958117726,45.09383051385339,0.4288217747235718,0.4474071444994174,0.43650793650793646,7.0,-2.5,-108.0,-112.0,45.5,44.5,-108.0,-112.0,120.0,-142.0,ARI,0.5711782252764281,NYG,2.5,-108.0,0.5058639714445203,0.5058639714445203,-0.025743462403145956,0.0,False,UNDER,0.5043297540700639,0.5043297540700639,-112.0,-0.04537582265309342,0.0,False,ARI,-142.0,0.5673391960737331,-0.033126158803919725,0.0,False,23.581513368595044,20.0650514485673,3.1273426669782185,43.20916748312253,0.6051989840209229,NYG,0.6051989840209229,NYG,2.5,0.6576707805810531,UNDER,0.547583108639113,0.4247493254813748,0.5132805842970177,0.4975704523442277,,,,,,,,,,,,,,,,
2026-10-03T13:06:47+00:00,2026.0,4.0,2026_04_DAL_HOU,2026-10-04 17:00:00+00:00,DAL,HOU,22.804359799546923,25.88970283448051,3.085343034933586,48.69406263402743,2.9549599177718453,48.129584333245575,1.3563871178886073,47.575384998416716,3.1980602023377287,48.69406263402743,0.5910461543359256,0.5921585752767977,0.593369754159424,2.5,3.0,-110.0,-110.0,47.5,48.5,-105.0,-115.0,-162.0,136.0,HOU,0.5910461543359256,DAL,3.0,-110.0,0.46625734594685336,0.5036080475423361,-0.0357061268082991,0.0,False,UNDER,0.5108342361861096,0.5108342361861096,-115.0,-0.044962080173795216,0.0,False,DAL,136.0,0.40779153038059646,-0.03761198830179224,0.0,False,24.465886058152662,23.109498940264054,1.8472760025971504,47.02958151731831,0.5333229761956302,HOU,0.5333229761956302,DAL,3.0,0.5586220652114002,UNDER,0.5448443498910815,0.6002259086166375,0.5132805842970177,0.4975704523442277,,,,,,,,,,,,,,,,
2026-10-03T13:06:47+00:00,2026.0,4.0,2026_04_GB_TB,2026-10-04 17:00:00+00:00,GB,TB,21.404466246518272,17.847769279793507,-3.556696966724763,39.25223552631178,-3.1434520364417144,39.11052397007377,-0.7407222394658328,47.526320246901626,-3.7402809966060886,39.25223552631178,0.3699510510880406,0.3940515094642021,0.3962430290578222,-1.5,-3.0,-102.0,-118.0,47.5,39.5,-105.0,-115.0,142.0,-170.0,GB,0.6300489489119594,GB,-3.0,-118.0,0.4735709579580816,0.5114846488795672,-0.05097293421152688,0.0,False,UNDER,0.510834236186412,0.510834236186412,-115.0,-0.044962080173229835,0.0,False,GB,-170.0,0.61698851041041,-0.02007707170111339,0.0,False,23.392799003717897,24.13352124318373,-1.1512897949727279,46.98475386208914,0.4625788693823301,GB,0.5374211306176699,TB,3.0,0.5779445344046473,OVER,0.7215311808020594,0.6111830450179976,0.5132805842970177,0.5238979118329467,,,,,,,,,,,,,,,,
2026-10-03T13:06:47+00:00,2026.0,4.0,2026_04_JAX_CIN,2026-10-04 17:00:00+00:00,JAX,CIN,24.77952410494035,26.881248084097393,2.101723979157047,51.66077218903774,2.561556690540745,51.078901358192695,-1.1437356399690093,48.35156514288137,2.313307751528555,51.66077218903774,0.5583562484426924,0.563058070104304,0.5634920634920635,2.5,2.5,-115.0,-105.0,51.5,51.5,-102.0,-118.0,-142.0,120.0,CIN,0.5583562484426924,CIN,-2.5,-115.0,0.5045517577324137,0.5045517577324137,-0.05670758336983539,0.0,False,UNDER,0.5173641257164929,0.5173641257164929,-118.0,-0.04419169994749611,0.0,False,JAX,120.0,0.4390742127981285,-0.03403673184411715,0.0,False,23.60391475145618,24.74765039142519,-1.6122689877117238,47.77296060703796,0.44906179256910256,JAX,0.5509382074308975,JAX,2.5,0.5908674855798506,UNDER,0.6175107132089925,0.42858046001345673,0.5132805842970177,0.5111129242001551,,,,,,,,,,,,,,,,
2026-10-03T13:06:47+00:00,2026.0,4.0,2026_04_LA_PHI,2026-10-04 17:00:00+00:00,LA,PHI,23.70013770088984,19.254938197527068,-4.445199503362775,42.95507589841691,-3.502851021379025,42.623302203316186,-2.2641687306875116,46.714359403179316,-4.587389138328945,42.95507589841691,0.3419980660537739,0.3684005643693471,0.37753344813882633,-1.5,-3.5,-108.0,-112.0,47.5,42.5,-112.0,-108.0,154.0,-185.0,LA,0.6580019339462261,LA,-3.5,-112.0,0.500077974649775,0.500077974649775,-0.05342383369864023,0.0,False,OVER,0.5043297540697501,0.5043297540697501,-112.0,-0.04537582265368734,0.0,False,LA,-185.0,0.6404267310320312,-0.013396657599303308,0.0,False,22.225095336245904,24.489264066933412,-2.6266752468272614,46.18251303632873,0.4118572980940594,LA,0.5881427019059406,PHI,3.5,0.5646342907890364,OVER,0.6150231741968931,0.6279930267670418,0.5132805842970177,0.5099393908523453,,,,,,,,,,,,,,,,
2026-10-03T13:06:47+00:00,2026.0,4.0,2026_04_NE_BUF,2026-10-04 17:00:00+00:00,NE,BUF,21.129835751516204,28.979841300818315,7.850005549302107,50.10967705233452,6.707105159157322,49.653884414703825,5.7158343079923615,48.88598162125052,7.989140234405568,50.10967705233452,0.7373994618419958,0.7241607508317618,0.7220792588780237,3.0,7.0,-105.0,-115.0,49.5,49.5,-112.0,-108.0,-305.0,245.0,BUF,0.7373994618419958,NE,7.0,-115.0,0.4896929343646274,0.5153400182633919,-0.03471981764917431,0.0,False,OVER,0.5043297540699518,0.5043297540699518,-112.0,-0.045375822653305475,0.0,False,BUF,-305.0,0.7298077385684691,-0.030911035671377096,0.0,False,27.30090796462144,21.58507365662908,4.920376051901714,48.32979585080117,0.6749781764398662,BUF,0.6749781764398662,NE,7.0,0.5835652877197075,UNDER,0.5331145565648182,0.7295068863045435,0.5132805842970177,0.4975704523442277,,,,,,,,,,,,,,,,
2026-10-03T13:06:47+00:00,2026.0,4.0,2026_04_NYJ_CHI,2026-10-04 17:00:00+00:00,NYJ,CHI,19.176396702138085,24.0830698974058,4.906673195267718,43.259466599543885,4.008286237882394,42.881024589459855,9.804135331475818,44.50669928450776,4.587389138328945,43.259466599543885,0.6498478796272898,0.6447181930879379,0.6224665518611737,8.5,3.5,-112.0,-108.0,45.5,43.5,100.0,-120.0,-185.0,154.0,CHI,0.6498478796272898,CHI,-3.5,-112.0,0.5138816815305783,0.5138816815305783,-0.02729538853140534,0.0,False,UNDER,0.5217391304346691,0.5217391304346691,-120.0,-0.04347826086977319,0.0,False,CHI,-185.0,0.6362675706132614,-0.01980401283902966,0.0,False,27.15541730799179,17.35128197651597,8.241421019988142,43.91361012322619,0.78869361273359,CHI,0.78869361273359,CHI,-3.5,0.6575329223350279,OVER,0.5154699204062183,0.6120774762609685,0.5132805842970177,0.4975083890190345,,,,,,,,,,,,,,,,
2026-10-03T13:06:47+00:00,2026.0,4.0,2026_04_TEN_BAL,2026-10-04 17:00:00+00:00,TEN,BAL,15.36729582286451,27.296445356093425,11.929149533228918,42.663741178957935,11.072769766123908,42.28986977108599,10.054580572829726,44.347979971068106,12.051359764986046,42.663741178957935,0.8372377576636363,0.8183170255705721,0.8316498316498315,8.5,11.5,-108.0,-112.0,47.5,42.5,-108.0,-112.0,-650.0,470.0,BAL,0.8372377576636363,TEN,11.5,-112.0,0.5082530159828194,0.5082530159828194,-0.03794964831823483,0.0,False,UNDER,0.5043297540697504,0.5043297540697504,-112.0,-0.04537582265368667,0.0,False,BAL,-650.0,0.83446269485269,-0.03715842901612704,0.0,False,27.201280271948917,17.14669969911919,8.53092999151796,43.78679576572449,0.7948181748173505,BAL,0.7948181748173505,TEN,11.5,0.5679252576132421,OVER,0.5457225990288416,0.8385486554708421,0.5132805842970177,0.4975704523442277,,,,,,,,,,,,,,,,
2026-10-03T13:06:47+00:00,2026.0,4.0,2026_04_MIA_MIN,2026-10-04 20:05:00+00:00,MIA,MIN,13.876847591209312,24.795820009909207,10.918972418699896,38.67266760111852,9.87765484763696,38.49999999999749,8.907288822002483,41.513582773267515,11.050121671551096,38.67266760111852,0.8151358738543313,0.7969894285958832,0.8118668596237336,7.5,10.0,-110.0,-110.0,43.5,38.5,-110.0,-110.0,-550.0,410.0,MIN,0.8151358738543313,MIA,10.0,-110.0,0.48712673435739623,0.5043176018861573,-0.035943396308688536,0.0,False,UNDER,0.5000000000000586,0.5000000000000586,-110.0,-0.045454545454433504,0.0,False,MIN,-550.0,0.8135068874083121,-0.03858276942654018,0.0,False,25.210435797635,16.303146975632515,7.3649565741758325,41.01471189533921,0.7659079684082276,MIN,0.7659079684082276,MIA,10.0,0.5699425872323167,OVER,0.5828696990460438,0.8193949434798129,0.5132805842970177,0.4994286110052984,,,,,,,,,,,,,,,,
2026-10-03T13:06:47+00:00,2026.0,4.0,2026_04_DEN_SF,2026-10-04 20:25:00+00:00,DEN,SF,22.968918569232233,25.47613793203625,2.5072193628040127,48.44505650126848,2.723949461320146,47.87024297711212,2.3395951956486583,47.239076416867405,2.518147415465137,48.44505650126848,0.5718908848611396,0.5751015701256635,0.5720596355604638,2.5,3.0,100.0,-120.0,46.5,47.5,-115.0,-105.0,-148.0,124.0,SF,0.5718908848611396,DEN,3.0,-120.0,0.4834084653288301,0.5220879045113876,-0.039665080454450774,0.0,False,OVER,0.5108342361861549,0.5108342361861549,-115.0,-0.04496208017371056,0.0,False,DEN,124.0,0.42802473769620264,-0.041224587560505954,0.0,False,24.78933580625803,22.449740610609375,2.6568801602080594,46.722528461609684,0.5663046828077088,SF,0.5663046828077088,DEN,3.0,0.5274343262494251,UNDER,0.525817755712161,0.5748469931917188,0.5089072073429791,0.4975704523442277,,,,,,,,,,,,,,,,
2026-10-03T13:06:47+00:00,2026.0,4.0,2026_04_KC_LV,2026-10-04 20:25:00+00:00,KC,LV,26.963433364183974,21.481623137084508,-5.4818102270994675,48.44505650126848,-4.64900908802687,47.87024297711212,-5.250484886454535,44.61512100278655,-5.496891199893071,48.44505650126848,0.3104696405253918,0.33915342720890473,0.3425247738043946,-5.5,-4.5,-108.0,-112.0,43.5,47.5,-115.0,-105.0,180.0,-218.0,KC,0.6895303594746083,KC,-4.5,-112.0,0.5038754725744417,0.5038754725744417,-0.046235712626949754,0.0,False,OVER,0.5108342361861549,0.5108342361861549,-115.0,-0.04496208017371056,0.0,False,KC,-218.0,0.6737057479738848,-0.01725491809314056,0.0,False,19.682318058166008,24.932802944620544,-4.386651175997041,44.000302332898954,0.31739493032110405,KC,0.6826050696788959,LV,4.5,0.5030898385009742,UNDER,0.6040198013906746,0.6593166240074604,0.5023128423615338,0.5047483868666097,,,,,,,,,,,,,,,,
2026-10-03T13:06:47+00:00,2026.0,4.0,2026_04_LAC_SEA,2026-10-04 20:25:00+00:00,LAC,SEA,17.36045377650786,26.032902895851144,8.672449119343282,43.393356672359005,7.217655407585972,42.994449527687436,8.90986683815009,41.22683264935532,8.656970961403204,43.393356672359005,0.7597261255233375,0.7447926892107997,0.7571884984025559,3.0,7.0,-115.0,-105.0,45.5,42.5,-118.0,-102.0,-375.0,295.0,SEA,0.7597261255233375,SEA,-7.0,-115.0,0.48602171757656487,0.5113369251093073,-0.04184282113030319,0.0,False,OVER,0.5173641257163112,0.5173641257163112,-118.0,-0.0441916999478319,0.0,False,SEA,-375.0,0.7584595832112538,-0.039284527932411856,0.0,False,25.068349743752705,16.158482905602618,7.36657819595588,40.78406538091945,0.7659753434371899,SEA,0.7659753434371899,SEA,-7.0,0.5190482769960865,UNDER,0.5468391651053417,0.7611040520250365,0.5023128423615338,0.4975704523442277,,,,,,,,,,,,,,,,
2026-10-03T13:06:47+00:00,2026.0,4.0,2026_04_DET_CAR,2026-10-05 00:20:00+00:00,DET,CAR,28.12386113153468,23.6089695413267,-4.514891590207979,51.73283067286138,-3.579050179484195,51.13276262875999,-3.402859876834835,49.23097878150358,-4.587389138328945,51.73283067286138,0.33983984159311453,0.3664098109703733,0.38356164383561653,-3.0,-3.5,-108.0,-112.0,45.5,50.5,-122.0,102.0,150.0,-180.0,DET,0.6601601584068855,DET,-3.5,-112.0,0.5021617084511347,0.5021617084511347,-0.04947962328892358,0.0,False,OVER,0.5260865852619153,0.5260865852619153,-122.0,-0.04269490222831801,0.0,False,DET,-180.0,0.638586174718708,-0.006643728215343037,0.0,False,22.914059452334374,26.316919329169206,-3.0818828221497845,48.69771525093633,0.3748676806456915,DET,0.6251323193543086,CAR,3.5,0.5310029136325803,UNDER,0.5506411389659845,0.6189004107241081,0.5117930205310864,0.4975704523442277,,,,,,,,,,,,,,,,
2026-10-03T13:06:47+00:00,2026.0,4.0,2026_04_ATL_NO,2026-10-06 00:15:00+00:00,ATL,NO,23.318793822959936,24.912582048359024,1.593788225399087,48.23137587131896,2.1092030939259243,47.647945775632174,1.7542601625661909,44.79364218227428,1.5833264536286151,48.23137587131896,0.5413139543421036,0.5478969034060119,0.551441114716549,2.5,2.5,-105.0,-115.0,45.5,47.5,-112.0,-108.0,-135.0,114.0,NO,0.5413139543421036,ATL,2.5,-115.0,0.5105239195733344,0.5105239195733344,-0.04554223731941831,0.0,False,OVER,0.5043297540697087,0.5043297540697087,-112.0,-0.04537582265376572,0.0,False,ATL,114.0,0.45361766724166275,-0.029258192102841862,0.0,False,23.273951172420237,21.519691009854046,2.2860842895402165,44.14319433359472,0.5467070911376587,NO,0.5467070911376587,ATL,2.5,0.5057628011854305,UNDER,0.5988109647268358,0.553814270115345,0.5023128423615338,0.5022910410728044,,,,,,,,,,,,,,,,
