snapshot_at,season,week,game_id,kickoff,away_team,home_team,spread,home_spread_odds,away_spread_odds,total_line,over_odds,under_odds,home_ml,away_ml,open_spread,open_total,fund_margin,fund_total,fair_spread,fair_total_line,mo_fair_spread,mo_fair_total_line,p_home_win
2026-10-01T18:43:52+00:00,2026.0,4.0,2026_04_PIT_CLE,2026-10-02 00:15:00+00:00,PIT,CLE,-2.5,100.0,-120.0,38.5,-105.0,-115.0,124.0,-148.0,-2.5,40.5,-1.6001285350823413,38.05972746755235,-2.767461082151028,38.0364108669842,-2.115733161467546,37.728324639970346,0.3998734656733574
2026-10-01T18:43:52+00:00,2026.0,4.0,2026_04_IND_WAS,2026-10-04 13:30:00+00:00,IND,WAS,-3.5,-108.0,-112.0,47.5,-112.0,-108.0,160.0,-192.0,1.5,48.5,-0.34276636686444295,46.44973274660106,-3.454082443575143,47.64790800856722,-0.6905033154675636,45.87800456857742,0.34521200021622533
2026-10-01T18:43:52+00:00,2026.0,4.0,2026_04_ARI_NYG,2026-10-04 17:00:00+00:00,ARI,NYG,-2.5,-108.0,-112.0,44.5,-108.0,-112.0,120.0,-142.0,7.0,45.5,3.515537120771537,43.64363026742532,-2.2845819348131258,44.38404533522724,3.12788828980057,43.202626731222935,0.42829059073261133
2026-10-01T18:43:52+00:00,2026.0,4.0,2026_04_DAL_HOU,2026-10-04 17:00:00+00:00,DAL,HOU,3.0,-112.0,-108.0,48.5,-105.0,-115.0,-162.0,136.0,2.5,47.5,2.2211169634880132,47.00886815063511,3.0270961614018024,48.129675085877246,2.609417111929756,46.50763475940093,0.5966792131463794
2026-10-01T18:43:52+00:00,2026.0,4.0,2026_04_GB_TB,2026-10-04 17:00:00+00:00,GB,TB,-3.5,-108.0,-112.0,38.5,-112.0,-108.0,154.0,-185.0,-1.5,47.5,-1.2934827494478203,47.066367437391975,-3.4775267609285763,38.65562418064847,-1.777431347769003,46.56007829261093,0.34341172975305995
2026-10-01T18:43:52+00:00,2026.0,4.0,2026_04_JAX_CIN,2026-10-04 17:00:00+00:00,JAX,CIN,2.5,-115.0,-105.0,51.5,-102.0,-118.0,-142.0,120.0,2.5,51.5,-0.9955519300664166,48.21974625580356,2.5657655521901517,51.07627869278941,-1.4456537500019246,47.630144311021226,0.5584158186985748
2026-10-01T18:43:52+00:00,2026.0,4.0,2026_04_LA_PHI,2026-10-04 17:00:00+00:00,LA,PHI,-3.0,-112.0,-108.0,43.5,-112.0,-108.0,136.0,-162.0,-1.5,47.5,-0.7112310349525455,45.54015591504727,-2.8886201474934388,43.61571262072278,-1.11696912095696,44.84033064990312,0.39001480270610256
2026-10-01T18:43:52+00:00,2026.0,4.0,2026_04_NE_BUF,2026-10-04 17:00:00+00:00,NE,BUF,7.0,-105.0,-115.0,48.5,-110.0,-110.0,-298.0,240.0,3.0,49.5,4.278638025040478,48.20453014315508,6.653872150788971,48.50000000000495,3.435133902492794,47.61432239267456,0.7348607697064152
2026-10-01T18:43:52+00:00,2026.0,4.0,2026_04_NYJ_CHI,2026-10-04 17:00:00+00:00,NYJ,CHI,3.5,-105.0,-115.0,43.5,100.0,-120.0,-175.0,145.0,8.5,45.5,8.544059531627818,44.084048477508816,3.4631881044893573,42.88116812686914,7.1389924694491285,43.572196601276275,0.631906458460884
2026-10-01T18:43:52+00:00,2026.0,4.0,2026_04_TEN_BAL,2026-10-04 17:00:00+00:00,TEN,BAL,11.5,-108.0,-112.0,42.5,-115.0,-105.0,-700.0,500.0,8.5,47.5,11.333653191410635,43.967918964577066,11.203332100602953,42.808409012818984,10.266640517832498,43.47816415772153,0.8389133494222742
2026-10-01T18:43:52+00:00,2026.0,4.0,2026_04_MIA_MIN,2026-10-04 20:05:00+00:00,MIA,MIN,10.5,-108.0,-112.0,38.5,-110.0,-110.0,-600.0,440.0,7.5,43.5,9.473630323676591,41.4698771519845,10.259924857667723,38.49999999999064,7.8835786704213024,40.976108058361895,0.8243089530231196
2026-10-01T18:43:52+00:00,2026.0,4.0,2026_04_DEN_SF,2026-10-04 20:25:00+00:00,DEN,SF,3.0,100.0,-120.0,47.5,-110.0,-110.0,-148.0,124.0,2.5,46.5,3.6209273203244328,46.693568537986565,2.7547173343246563,47.49999999999438,3.170170478541454,46.15304073098045,0.57415221557186
2026-10-01T18:43:52+00:00,2026.0,4.0,2026_04_KC_LV,2026-10-04 20:25:00+00:00,KC,LV,-4.5,-108.0,-112.0,47.5,-115.0,-105.0,180.0,-218.0,-5.5,43.5,-5.257375177929571,44.54671492637374,-4.649812758230075,47.8701501208943,-4.398260676816445,43.94163519257674,0.31003529050820794
2026-10-01T18:43:52+00:00,2026.0,4.0,2026_04_LAC_SEA,2026-10-04 20:25:00+00:00,LAC,SEA,7.0,-115.0,-105.0,42.5,-118.0,-102.0,-380.0,300.0,3.0,45.5,8.621045474322761,41.13251888933252,7.206653141350496,42.99433556709225,7.187042930956382,40.704910977523575,0.7591670166359962
2026-10-01T18:43:52+00:00,2026.0,4.0,2026_04_DET_CAR,2026-10-05 00:20:00+00:00,DET,CAR,-3.5,-108.0,-112.0,51.5,-102.0,-118.0,150.0,-180.0,-3.0,45.5,-2.701544578904455,49.126606917615256,-3.533095514874849,51.07627869278941,-2.8019641576242043,48.57836624874685,0.3407520517764424
2026-10-01T18:43:52+00:00,2026.0,4.0,2026_04_ATL_NO,2026-10-06 00:15:00+00:00,ATL,NO,2.5,-118.0,-102.0,47.5,-112.0,-108.0,-148.0,124.0,2.5,45.5,1.7427282112300404,44.783988823285846,2.715490394338791,47.64790800856722,2.2728742963415103,44.13145537780466,0.5708895731157005
2026-10-01T18:52:12+00:00,2026.0,4.0,2026_04_PIT_CLE,2026-10-02 00:15:00+00:00,PIT,CLE,-2.5,100.0,-120.0,38.5,-105.0,-115.0,124.0,-148.0,-2.5,40.5,-1.6001285350823413,38.04850400876461,-2.767461082151028,38.0364108669842,-2.115733161467546,37.714295680050604,0.3998734656733574
2026-10-01T18:52:12+00:00,2026.0,4.0,2026_04_IND_WAS,2026-10-04 13:30:00+00:00,IND,WAS,-3.5,-108.0,-112.0,47.5,-112.0,-108.0,160.0,-192.0,1.5,48.5,-0.34276636686444295,46.44973274660106,-3.454082443575143,47.64790800856722,-0.6905033154675636,45.87800456857742,0.34521200021622533
2026-10-01T18:52:12+00:00,2026.0,4.0,2026_04_ARI_NYG,2026-10-04 17:00:00+00:00,ARI,NYG,-2.5,-108.0,-112.0,44.5,-108.0,-112.0,120.0,-142.0,7.0,45.5,3.515537120771537,43.64363026742532,-2.2845819348131258,44.38404533522724,3.12788828980057,43.202626731222935,0.42829059073261133
2026-10-01T18:52:12+00:00,2026.0,4.0,2026_04_DAL_HOU,2026-10-04 17:00:00+00:00,DAL,HOU,3.0,-112.0,-108.0,48.5,-105.0,-115.0,-162.0,136.0,2.5,47.5,2.2211169634880132,47.00886815063511,3.0270961614018024,48.129675085877246,2.609417111929756,46.50763475940093,0.5966792131463794
2026-10-01T18:52:12+00:00,2026.0,4.0,2026_04_GB_TB,2026-10-04 17:00:00+00:00,GB,TB,-3.5,-108.0,-112.0,38.5,-112.0,-108.0,154.0,-185.0,-1.5,47.5,-1.2934827494478203,47.066367437391975,-3.4775267609285763,38.65562418064847,-1.777431347769003,46.56007829261093,0.34341172975305995
2026-10-01T18:52:12+00:00,2026.0,4.0,2026_04_JAX_CIN,2026-10-04 17:00:00+00:00,JAX,CIN,2.5,-115.0,-105.0,51.5,-102.0,-118.0,-142.0,120.0,2.5,51.5,-0.9955519300664166,48.21974625580356,2.5657655521901517,51.07627869278941,-1.4456537500019246,47.630144311021226,0.5584158186985748
2026-10-01T18:52:12+00:00,2026.0,4.0,2026_04_LA_PHI,2026-10-04 17:00:00+00:00,LA,PHI,-3.0,-112.0,-108.0,43.5,-112.0,-108.0,136.0,-162.0,-1.5,47.5,-0.7112310349525455,45.54015591504727,-2.8886201474934388,43.61571262072278,-1.11696912095696,44.84033064990312,0.39001480270610256
2026-10-01T18:52:12+00:00,2026.0,4.0,2026_04_NE_BUF,2026-10-04 17:00:00+00:00,NE,BUF,7.0,-105.0,-115.0,48.5,-110.0,-110.0,-298.0,240.0,3.0,49.5,4.278638025040478,48.20453014315508,6.653872150788971,48.50000000000495,3.435133902492794,47.61432239267456,0.7348607697064152
2026-10-01T18:52:12+00:00,2026.0,4.0,2026_04_NYJ_CHI,2026-10-04 17:00:00+00:00,NYJ,CHI,3.5,-105.0,-115.0,43.5,100.0,-120.0,-175.0,145.0,8.5,45.5,8.544059531627818,44.084048477508816,3.4631881044893573,42.88116812686914,7.1389924694491285,43.572196601276275,0.631906458460884
2026-10-01T18:52:12+00:00,2026.0,4.0,2026_04_TEN_BAL,2026-10-04 17:00:00+00:00,TEN,BAL,11.5,-108.0,-112.0,42.5,-115.0,-105.0,-675.0,490.0,8.5,47.5,11.333653191410635,43.967918964577066,11.203332100602953,42.808409012818984,10.266640517832498,43.47816415772153,0.8389133494222742
2026-10-01T18:52:12+00:00,2026.0,4.0,2026_04_MIA_MIN,2026-10-04 20:05:00+00:00,MIA,MIN,10.5,-108.0,-112.0,38.5,-110.0,-110.0,-600.0,440.0,7.5,43.5,9.473630323676591,41.4698771519845,10.259924857667723,38.49999999999064,7.8835786704213024,40.976108058361895,0.8243089530231196
2026-10-01T18:52:12+00:00,2026.0,4.0,2026_04_DEN_SF,2026-10-04 20:25:00+00:00,DEN,SF,3.0,100.0,-120.0,47.5,-110.0,-110.0,-148.0,124.0,2.5,46.5,3.6209273203244328,46.693568537986565,2.7547173343246563,47.49999999999438,3.170170478541454,46.15304073098045,0.57415221557186
2026-10-01T18:52:12+00:00,2026.0,4.0,2026_04_KC_LV,2026-10-04 20:25:00+00:00,KC,LV,-4.5,-108.0,-112.0,47.5,-115.0,-105.0,180.0,-218.0,-5.5,43.5,-5.257375177929571,44.54671492637374,-4.649812758230075,47.8701501208943,-4.398260676816445,43.94163519257674,0.31003529050820794
2026-10-01T18:52:12+00:00,2026.0,4.0,2026_04_LAC_SEA,2026-10-04 20:25:00+00:00,LAC,SEA,7.0,-115.0,-105.0,42.5,-118.0,-102.0,-380.0,300.0,3.0,45.5,8.621045474322761,41.13251888933252,7.206653141350496,42.99433556709225,7.187042930956382,40.704910977523575,0.7591670166359962
2026-10-01T18:52:12+00:00,2026.0,4.0,2026_04_DET_CAR,2026-10-05 00:20:00+00:00,DET,CAR,-3.5,-108.0,-112.0,51.5,-102.0,-118.0,150.0,-180.0,-3.0,45.5,-2.701544578904455,49.126606917615256,-3.533095514874849,51.07627869278941,-2.8019641576242043,48.57836624874685,0.3407520517764424
2026-10-01T18:52:12+00:00,2026.0,4.0,2026_04_ATL_NO,2026-10-06 00:15:00+00:00,ATL,NO,2.5,-118.0,-102.0,47.5,-112.0,-108.0,-148.0,124.0,2.5,45.5,1.7427282112300404,44.783988823285846,2.715490394338791,47.64790800856722,2.2728742963415103,44.13145537780466,0.5708895731157005
2026-10-01T21:30:09+00:00,2026.0,4.0,2026_04_PIT_CLE,2026-10-02 00:15:00+00:00,PIT,CLE,-2.5,100.0,-120.0,38.5,-105.0,-115.0,124.0,-148.0,-2.5,40.5,-1.6001285350823413,37.953104609068845,-2.767461082151028,38.0364108669842,-2.115733161467546,37.59506333649634,0.3998734656733574
2026-10-01T21:30:09+00:00,2026.0,4.0,2026_04_IND_WAS,2026-10-04 13:30:00+00:00,IND,WAS,-3.5,-108.0,-112.0,48.5,-108.0,-112.0,160.0,-192.0,1.5,48.5,-0.34276636686444295,46.44973274660106,-3.454082443575143,48.35190261151381,-0.6905033154675636,45.87800456857742,0.34521200021622533
2026-10-01T21:30:09+00:00,2026.0,4.0,2026_04_ARI_NYG,2026-10-04 17:00:00+00:00,ARI,NYG,-2.5,-108.0,-112.0,44.5,-108.0,-112.0,120.0,-142.0,7.0,45.5,3.515537120771537,43.64363026742532,-2.2845819348131258,44.38404533522724,3.12788828980057,43.202626731222935,0.42829059073261133
2026-10-01T21:30:09+00:00,2026.0,4.0,2026_04_DAL_HOU,2026-10-04 17:00:00+00:00,DAL,HOU,3.0,-112.0,-108.0,48.5,-105.0,-115.0,-162.0,136.0,2.5,47.5,2.2211169634880132,47.00886815063511,3.0270961614018024,48.129675085877246,2.609417111929756,46.50763475940093,0.5966792131463794
2026-10-01T21:30:09+00:00,2026.0,4.0,2026_04_GB_TB,2026-10-04 17:00:00+00:00,GB,TB,-3.5,-108.0,-112.0,38.5,-112.0,-108.0,150.0,-180.0,-1.5,47.5,-1.2934827494478203,47.066367437391975,-3.4775267609285763,38.65562418064847,-1.777431347769003,46.56007829261093,0.34341172975305995
2026-10-01T21:30:09+00:00,2026.0,4.0,2026_04_JAX_CIN,2026-10-04 17:00:00+00:00,JAX,CIN,2.5,-115.0,-105.0,51.5,-102.0,-118.0,-142.0,120.0,2.5,51.5,-0.9955519300664166,48.21974625580356,2.5657655521901517,51.07627869278941,-1.4456537500019246,47.630144311021226,0.5584158186985748
2026-10-01T21:30:09+00:00,2026.0,4.0,2026_04_LA_PHI,2026-10-04 17:00:00+00:00,LA,PHI,-3.5,-118.0,-102.0,43.5,-108.0,-112.0,142.0,-170.0,-1.5,47.5,-0.7112310349525455,45.54015591504727,-3.1881430042278027,43.37660920530059,-1.11696912095696,44.84033064990312,0.36598461456882747
2026-10-01T21:30:09+00:00,2026.0,4.0,2026_04_NE_BUF,2026-10-04 17:00:00+00:00,NE,BUF,7.0,-105.0,-115.0,48.5,-110.0,-110.0,-305.0,245.0,3.0,49.5,4.278638025040478,48.20453014315508,6.653872150788971,48.50000000000495,3.435133902492794,47.61432239267456,0.7348607697064152
2026-10-01T21:30:09+00:00,2026.0,4.0,2026_04_NYJ_CHI,2026-10-04 17:00:00+00:00,NYJ,CHI,3.5,-105.0,-115.0,43.5,-102.0,-118.0,-175.0,145.0,8.5,45.5,8.544059531627818,44.084048477508816,3.4631881044893573,43.0056573340884,7.1389924694491285,43.572196601276275,0.631906458460884
2026-10-01T21:30:09+00:00,2026.0,4.0,2026_04_TEN_BAL,2026-10-04 17:00:00+00:00,TEN,BAL,11.5,-108.0,-112.0,42.5,-108.0,-112.0,-650.0,470.0,8.5,47.5,11.333653191410635,43.967918964577066,11.203332100602953,42.289915970126366,10.266640517832498,43.47816415772153,0.8389133494222742
2026-10-01T21:30:09+00:00,2026.0,4.0,2026_04_MIA_MIN,2026-10-04 20:05:00+00:00,MIA,MIN,10.5,-108.0,-112.0,38.5,-110.0,-110.0,-625.0,455.0,7.5,43.5,9.473630323676591,41.4698771519845,10.259924857667723,38.49999999999064,7.8835786704213024,40.976108058361895,0.8243089530231196
2026-10-01T21:30:09+00:00,2026.0,4.0,2026_04_DEN_SF,2026-10-04 20:25:00+00:00,DEN,SF,3.0,100.0,-120.0,47.5,-110.0,-110.0,-148.0,124.0,2.5,46.5,3.6209273203244328,46.693568537986565,2.7547173343246563,47.49999999999438,3.170170478541454,46.15304073098045,0.57415221557186
2026-10-01T21:30:09+00:00,2026.0,4.0,2026_04_KC_LV,2026-10-04 20:25:00+00:00,KC,LV,-4.5,-108.0,-112.0,47.5,-115.0,-105.0,180.0,-218.0,-5.5,43.5,-5.257375177929571,44.54671492637374,-4.649812758230075,47.8701501208943,-4.398260676816445,43.94163519257674,0.31003529050820794
2026-10-01T21:30:09+00:00,2026.0,4.0,2026_04_LAC_SEA,2026-10-04 20:25:00+00:00,LAC,SEA,7.0,-115.0,-105.0,42.5,-118.0,-102.0,-380.0,300.0,3.0,45.5,8.621045474322761,41.13251888933252,7.206653141350496,42.99433556709225,7.187042930956382,40.704910977523575,0.7591670166359962
2026-10-01T21:30:09+00:00,2026.0,4.0,2026_04_DET_CAR,2026-10-05 00:20:00+00:00,DET,CAR,-3.5,-108.0,-112.0,50.5,-122.0,102.0,154.0,-185.0,-3.0,45.5,-2.701544578904455,49.126606917615256,-3.533095514874849,51.13671925964243,-2.8019641576242043,48.57836624874685,0.3407520517764424
2026-10-01T21:30:09+00:00,2026.0,4.0,2026_04_ATL_NO,2026-10-06 00:15:00+00:00,ATL,NO,2.5,-118.0,-102.0,47.5,-112.0,-108.0,-148.0,124.0,2.5,45.5,1.7427282112300404,44.783988823285846,2.715490394338791,47.64790800856722,2.2728742963415103,44.13145537780466,0.5708895731157005
