game_id,season,week,gameday,away_team,home_team,proj_away,proj_home,model_margin_home,fundamentals_margin_home,market_spread_line,spread_edge,pred_total,total_line,total_edge,lean_team,lean_line,cover_prob,bet,total_lean,home_win_prob,market_home_win_prob,win_prob_edge,model_source
2026_04_PIT_CLE,2026,4,2026-10-01,PIT,CLE,20.919154230615458,18.37857194076071,-2.540582289854749,-3.0641836342749236,-2.5,-0.04058228985474921,39.29772617137617,38.5,0.7977261713761692,PIT,-2.5,0.5012568468098761,False,PASS,0.4218243562681689,0.4279403644395361,-0.006116008171367204,market-aware
2026_04_ARI_NYG,2026,4,2026-10-04,ARI,NYG,23.465012675763063,21.932944621310064,-1.5320680544529963,4.222521325768426,-1.5,-0.03206805445299632,45.39795729707313,44.5,0.8979572970731269,ARI,-1.5,0.5009931587676274,False,PASS,0.45266290214173216,0.4675324675324676,-0.014869565390735417,market-aware
2026_04_DAL_HOU,2026,4,2026-10-04,DAL,HOU,22.808861043731774,25.148811570008384,2.3399505262766094,2.6547435102075387,2.5,-0.16004947372339062,47.95767261374016,48.5,-0.5423273862598421,DAL,2.5,0.5049566652939255,False,PASS,0.5720725642075697,0.5634920634920635,0.0085805007155062,market-aware
2026_04_DEN_SF,2026,4,2026-10-04,DEN,SF,22.705879125590364,25.835428414037082,3.1295492884467184,6.3390567101971484,3.0,0.12954928844671842,48.54130753962745,47.5,1.0413075396274465,SF,-3.0,0.5040121229009762,False,PASS,0.5959782255243102,0.5829926410466066,0.012985584477703593,market-aware
2026_04_DET_CAR,2026,4,2026-10-04,DET,CAR,27.101165811257285,23.461105540328123,-3.6400602709291627,-3.4627943769537777,-3.5,-0.14006027092916273,50.56227135158541,50.5,0.06227135158540875,DET,-3.5,0.5043376341758101,False,PASS,0.38874850751542883,0.38356164383561653,0.0051868636798123036,market-aware
2026_04_GB_TB,2026,4,2026-10-04,GB,TB,20.904748094559125,17.161006599641517,-3.743741494917605,-2.2820511195146165,-3.5,-0.2437414949176051,38.06575469420064,39.5,-1.434245305799358,GB,-3.5,0.5075483159883749,False,PASS,0.38566667997474136,0.3690596562184024,0.016607023756338934,market-aware
2026_04_IND_WAS,2026,4,2026-10-04,IND,WAS,25.417194142516053,21.838634274663207,-3.5785598678528467,1.1642003978984186,-3.5,-0.07855986785284674,47.25582841717926,47.5,-0.2441715828207407,IND,-3.5,0.502433013782815,False,PASS,0.3905798771715584,0.3690596562184024,0.021520220953155977,market-aware
2026_04_JAX_CIN,2026,4,2026-10-04,JAX,CIN,24.822710781730418,27.28709982977831,2.464389048047894,0.6186032007552922,2.5,-0.035610951952106173,52.10981061150873,51.5,0.6098106115087276,JAX,2.5,0.5011028832662319,False,PASS,0.5758600255284385,0.5720596355604638,0.0038003899679747155,market-aware
2026_04_KC_LV,2026,4,2026-10-04,KC,LV,26.78609631598834,22.28209773836931,-4.503998577619033,-2.3481458562940767,-4.5,-0.003998577619032773,49.06819405435765,47.5,1.5681940543576474,KC,-4.5,0.5001238374614956,False,PASS,0.3633003394675513,0.33635187580853815,0.026948463659013155,market-aware
2026_04_LAC_SEA,2026,4,2026-10-04,LAC,SEA,18.289527622047977,25.419248845884297,7.129721223836322,8.409282315682436,7.0,0.1297212238363219,43.708776467932275,42.5,1.2087764679322746,SEA,-7.0,0.5040174475354762,False,PASS,0.7100356972800458,0.7477827050997783,-0.0377470078197325,market-aware
2026_04_LA_PHI,2026,4,2026-10-04,LA,PHI,23.885515607883104,20.8260363769291,-3.0594792309540066,-3.4647910560823294,-3.0,-0.059479230954006646,44.7115519848122,43.5,1.2115519848122034,LA,-3.0,0.501842087767008,False,PASS,0.40613014396488756,0.4066302458405761,-0.0005001018756885522,market-aware
2026_04_MIA_MIN,2026,4,2026-10-04,MIA,MIN,14.545522201027145,24.961418898851797,10.415896697824653,6.015423239002839,10.5,-0.08410330217534678,39.506941099878944,38.5,1.0069410998789436,MIA,10.5,0.5026046926202385,False,PASS,0.7906270346097871,0.8370993168681029,-0.04647228225831579,market-aware
2026_04_NE_BUF,2026,4,2026-10-04,NE,BUF,21.77485802530058,28.845217632995393,7.070359607694811,6.028913213768771,7.0,0.07035960769481076,50.620075658295974,48.5,2.120075658295974,BUF,-7.0,0.5021790528666664,False,OVER,0.7084563355694731,0.7095435684647302,-0.0010872328952571397,market-aware
2026_04_NYJ_CHI,2026,4,2026-10-04,NYJ,CHI,19.864159386213213,23.389423969107295,3.5252645828940783,9.925631463987445,3.5,0.02526458289407829,43.25358335532051,42.5,0.753583355320508,CHI,-3.5,0.5007824532005578,False,PASS,0.6078311193611077,0.6037569709421778,0.004074148418929835,market-aware
2026_04_TEN_BAL,2026,4,2026-10-04,TEN,BAL,16.325176428132576,27.79620724921166,11.471030821079085,10.672735532415537,11.5,-0.02896917892091544,44.121383677344234,43.5,0.6213836773442338,TEN,11.5,0.5008971856881594,False,PASS,0.8134040028557923,0.8465011286681716,-0.033097125812379335,market-aware
2026_04_ATL_NO,2026,4,2026-10-05,ATL,NO,22.808601369491882,25.622872048072473,2.814270678580591,-2.1985356710474178,3.0,-0.18572932141940912,48.431473417564355,48.5,-0.06852658243564491,ATL,3.0,0.5057519081420145,False,PASS,0.5864705940482909,0.5829926410466066,0.0034779530016842974,market-aware
