logged_at,season,week,game_id,kickoff,away_team,home_team,proj_away,proj_home,fair_margin,fair_total,fair_spread,fair_total_line,fund_margin,fund_total,mkt_margin,mkt_total,p_home_win,p_home_win_raw,mkt_p_home_win,open_spread,spread,home_spread_odds,away_spread_odds,open_total,total_line,over_odds,under_odds,home_ml,away_ml,su_pick,su_prob,ats_pick,ats_line,ats_odds,ats_prob,ats_prob_np,ats_ev,ats_stake,value_ats,tot_pick,tot_prob,tot_prob_np,tot_odds,tot_ev,tot_stake,value_tot,ml_pick,ml_odds,ml_prob,ml_ev,ml_stake,value_ml,mo_proj_home,mo_proj_away,mo_fair_spread,mo_fair_total_line,mo_p_home_win,mo_su_pick,mo_su_prob,mo_ats_pick,mo_ats_line,mo_ats_prob_np,mo_tot_pick,mo_tot_prob_np,home_score,away_score,su_out,ats_out,tot_out,ml_out,mo_su_out,mo_ats_out,mo_tot_out,ats_profit,tot_profit,ml_profit,close_spread,close_total,ats_clv,tot_clv
2026-09-30T15:19:07+00:00,2026,4,2026_04_PIT_CLE,2026-10-02 00:15:00+00:00,PIT,CLE,20.463848217450266,17.842244609870487,-2.6216036075797806,38.306092827320754,-2.7699583030975807,38.0364108669842,-1.6343037608325002,38.113922109074906,-2.6811503998123953,38.306092827320754,0.3994496456738344,0.4215124210710197,0.4279403644395361,-2.5,-2.5,100.0,-120.0,40.5,38.5,-105.0,-115.0,124.0,-148.0,PIT,0.6005503543261657,PIT,-2.5,-120.0,0.5199718053344349,0.5199718053344349,-0.04671835688686932,0.0,False,UNDER,0.5108342361865807,0.5108342361865807,-115.0,-0.04496208017291431,0.0,False,PIT,-148.0,0.5863772641956129,-0.017421881618162216,0.0,False,18.239809174121202,19.874112934953704,-2.1534008900886716,37.79607230681844,0.43224157894673926,PIT,0.5677584210532607,CLE,2.5,0.5093371682993919,UNDER,0.5164546253923744,,,,,,,,,,,,,,,,
2026-09-30T15:19:07+00:00,2026,4,2026_04_IND_WAS,2026-10-04 13:30:00+00:00,IND,WAS,26.005396079233794,21.946871176998723,-4.058524902235073,47.95226725623252,-3.3462064069506017,47.369464566902074,-0.1572344770460803,46.62051426407825,-4.293822548794196,47.95226725623252,0.3530574852772655,0.3795045653827446,0.38356164383561653,1.5,-3.5,-112.0,-108.0,48.5,47.5,-108.0,-112.0,150.0,-180.0,IND,0.6469425147227346,WAS,3.5,-112.0,0.5113565712753284,0.5113565712753284,-0.03207506151455697,0.0,False,UNDER,0.5043297540701775,0.5043297540701775,-112.0,-0.04537582265287826,0.0,False,IND,-180.0,0.6318222495629128,-0.017165389568802314,0.0,False,23.231639893516085,23.388874370562167,-0.4404783146553034,46.07059305975026,0.48215666854100214,IND,0.5178433314589979,WAS,3.5,0.6251546958826933,UNDER,0.5446794801304028,,,,,,,,,,,,,,,,
2026-09-30T15:19:07+00:00,2026,4,2026_04_ARI_NYG,2026-10-04 17:00:00+00:00,ARI,NYG,23.30365934688691,21.79526193037325,-1.5083974165136562,45.09892127726016,-2.014598096373952,44.38404533522724,3.377127968912804,43.60447623091716,-1.8030570034989069,45.09892127726016,0.4364637935712519,0.45465879714272556,0.44855888528345106,7.0,-2.5,-112.0,-108.0,45.5,44.5,-108.0,-112.0,114.0,-135.0,ARI,0.5635362064287481,NYG,2.5,-112.0,0.513071568128184,0.513071568128184,-0.02882881747165178,0.0,False,UNDER,0.5043297540701571,0.5043297540701571,-112.0,-0.0453758226529169,0.0,False,ARI,-135.0,0.5574971846099276,-0.02954193790123716,0.0,False,23.49080209991498,20.113674131002178,3.072407073423352,43.16941057266154,0.6014642831236267,NYG,0.6014642831236267,NYG,2.5,0.6538689643851485,UNDER,0.5489858246011149,,,,,,,,,,,,,,,,
2026-09-30T15:19:07+00:00,2026,4,2026_04_DAL_HOU,2026-10-04 17:00:00+00:00,DAL,HOU,23.191792310365095,25.507888348796364,2.31609603843127,48.69968065916146,2.6475301936800344,48.129675085877246,2.3538659790269487,46.970742195552404,2.3138180285513954,48.69968065916146,0.5660902320545087,0.5694324045539555,0.5634920634920635,2.5,2.5,-115.0,-105.0,47.5,48.5,-105.0,-115.0,-142.0,120.0,HOU,0.5660902320545087,HOU,-2.5,-115.0,0.5109018756932447,0.5109018756932447,-0.04483562370393379,0.0,False,UNDER,0.5108342361861735,0.5108342361861735,-115.0,-0.044962080173675645,0.0,False,HOU,-142.0,0.5647915926173098,-0.0374678492014861,0.0,False,24.662304087289677,22.308438108262727,2.662678568210307,46.46631785441871,0.5673598851472754,HOU,0.5673598851472754,HOU,-2.5,0.512023343690856,UNDER,0.5632446995414465,,,,,,,,,,,,,,,,
2026-09-30T15:19:07+00:00,2026,4,2026_04_GB_TB,2026-10-04 17:00:00+00:00,GB,TB,22.586727530224923,17.629502614064588,-4.957224916160337,40.21623014428951,-4.067904737118236,39.97143938239412,-1.5056615404804465,47.03306050977071,-5.165398276954875,40.21623014428951,0.3250871320103859,0.3538547815860342,0.3690596562184024,-1.5,-3.5,100.0,-120.0,47.5,39.5,-118.0,-102.0,160.0,-192.0,GB,0.6749128679896141,GB,-3.5,-120.0,0.5155101133847775,0.5155101133847775,-0.05489812546124123,0.0,False,OVER,0.517364125716405,0.517364125716405,-118.0,-0.04419169994765859,0.0,False,GB,-192.0,0.6532535877041665,-0.006510168699913332,0.0,False,22.763699484645134,24.26936102512558,-2.011581010752083,46.529699909934706,0.43655562624523536,GB,0.5634443737547646,TB,3.5,0.5866300758447052,OVER,0.7088757809143563,,,,,,,,,,,,,,,,
2026-09-30T15:19:07+00:00,2026,4,2026_04_JAX_CIN,2026-10-04 17:00:00+00:00,JAX,CIN,24.769055714185427,26.88887268619105,2.119816972005625,51.65792840037648,2.5687323896825003,51.07627869278941,-1.0967662596859293,48.18705067857347,2.3138180285513954,51.65792840037648,0.5594821162119833,0.5635966331319392,0.5720596355604638,2.5,2.5,-115.0,-105.0,51.5,51.5,-102.0,-118.0,-148.0,124.0,CIN,0.5594821162119833,CIN,-2.5,-115.0,0.5050738327630672,0.5050738327630672,-0.0557315300516571,0.0,False,UNDER,0.5173641257162034,0.5173641257162034,-118.0,-0.04419169994803107,0.0,False,JAX,124.0,0.43421853461911575,-0.027350482453180613,0.0,False,23.54514220944377,24.6419084691297,-1.5599841786623452,47.596147602134934,0.4503183339424166,JAX,0.5496816660575834,JAX,2.5,0.5895265215682011,UNDER,0.6222646388224569,,,,,,,,,,,,,,,,
2026-09-30T15:19:07+00:00,2026,4,2026_04_LA_PHI,2026-10-04 17:00:00+00:00,LA,PHI,23.102111463105317,20.162213744155892,-2.9398977189494233,43.26432520726121,-2.8973599725667896,42.88116812686914,-0.9311414532226969,45.513644900082554,-3.061051381026118,43.26432520726121,0.38902016355318003,0.41211888468959934,0.4066302458405761,-1.5,-3.0,-112.0,-108.0,47.5,43.5,100.0,-120.0,136.0,-162.0,LA,0.61097983644682,PHI,3.0,-112.0,0.4705845537399593,0.5082055907758597,-0.03522346588632408,0.0,False,UNDER,0.5217391304347923,0.5217391304347923,-120.0,-0.04347826086954748,0.0,False,LA,-162.0,0.6022078732381112,-0.026058871676634898,0.0,False,22.29125172342993,23.222393176652623,-1.3712031909211393,44.80993758088892,0.45591210746112926,LA,0.5440878925388708,PHI,3.0,0.5719249286201583,OVER,0.545374668847744,,,,,,,,,,,,,,,,
2026-09-30T15:19:07+00:00,2026,4,2026_04_NE_BUF,2026-10-04 17:00:00+00:00,NE,BUF,20.698604132551516,28.35580599304489,7.657201860493375,49.054410125596405,6.5900249953462575,48.50000000000495,4.221834353268676,48.169068879713855,7.864398403538871,49.054410125596405,0.7335993177126021,0.7192127687147657,0.7135512302607419,3.0,6.5,-115.0,-105.0,49.5,48.5,-110.0,-110.0,-290.0,235.0,BUF,0.7335993177126021,BUF,-6.5,-115.0,0.5044840966346437,0.5044840966346437,-0.05683408020479669,0.0,False,OVER,0.5000000000001394,0.5000000000001394,-110.0,-0.04545454545427918,0.0,False,BUF,-290.0,0.7236876624914399,-0.026764867683925636,0.0,False,26.195451616491265,21.97361726322259,3.4121556688375754,47.57745109045057,0.6290756778682514,BUF,0.6290756778682514,NE,6.5,0.5989909336880059,UNDER,0.5270055575387793,,,,,,,,,,,,,,,,
2026-09-30T15:19:07+00:00,2026,4,2026_04_NYJ_CHI,2026-10-04 17:00:00+00:00,NYJ,CHI,19.64116217104447,23.770142533347553,4.128980362303082,43.41130470439202,3.3746387511080926,43.0056573340884,8.63626473114673,44.06491279608931,3.8571335401557008,43.41130470439202,0.6260691401497854,0.6225257353554324,0.6092362344582594,8.5,3.5,-102.0,-118.0,45.5,43.5,-102.0,-118.0,-175.0,145.0,CHI,0.6260691401497854,NYJ,3.5,-118.0,0.5092533261343176,0.5092533261343176,-0.059176058497616646,0.0,False,UNDER,0.517364125716476,0.517364125716476,-118.0,-0.04419169994752731,0.0,False,CHI,-175.0,0.617687989001727,-0.02934744585442911,0.0,False,26.35058876361802,17.71432403247129,7.196551215144784,43.55692658026849,0.7604402867887246,CHI,0.7604402867887246,CHI,-3.5,0.6243419350793192,OVER,0.502129971118818,,,,,,,,,,,,,,,,
2026-09-30T15:19:07+00:00,2026,4,2026_04_TEN_BAL,2026-10-04 17:00:00+00:00,TEN,BAL,15.99064217292305,28.00293103560018,12.012288862677133,43.99357320852323,11.212773981815248,43.500000000006395,11.383594693091888,43.92784911175777,12.05020715185492,43.99357320852323,0.8407344012940925,0.8200033064110723,0.84,8.5,11.5,-108.0,-112.0,47.5,43.5,-110.0,-110.0,-700.0,500.0,BAL,0.8407344012940925,TEN,11.5,-112.0,0.5055469925041928,0.5055469925041928,-0.04307176418849229,0.0,False,OVER,0.5000000000002393,0.5000000000002393,-110.0,-0.04545454545408867,0.0,False,BAL,-700.0,0.8403675427557856,-0.03957995113624506,0.0,False,27.65572190242483,16.272127209332943,10.313483767345959,43.44407077786777,0.8272910002078173,BAL,0.8272910002078173,TEN,11.5,0.5256935058410802,UNDER,0.5019619528060736,,,,,,,,,,,,,,,,
2026-09-30T15:19:07+00:00,2026,4,2026_04_MIA_MIN,2026-10-04 20:05:00+00:00,MIA,MIN,13.669707709090527,25.006442185114555,11.336734476024027,38.67614989420508,10.269529455310227,38.49999999999064,9.516014200181262,41.7103819367898,11.44654716599507,38.67614989420508,0.8262607966667095,0.8059706352835865,0.827123695976155,7.5,10.5,-108.0,-112.0,43.5,38.5,-110.0,-110.0,-625.0,455.0,MIN,0.8262607966667095,MIA,10.5,-112.0,0.5078384720653689,0.5078384720653689,-0.03873432073340888,0.0,False,UNDER,0.5000000000002183,0.5000000000002183,-110.0,-0.04545454545412869,0.0,False,MIA,455.0,0.1733073292171643,-0.03814432284473823,0.0,False,25.61319806848553,16.09718386830427,7.929607789997001,41.16976106530337,0.7832483424775273,MIN,0.7832483424775273,MIA,10.5,0.5655348831819198,OVER,0.5884301435261546,,,,,,,,,,,,,,,,
2026-09-30T15:19:07+00:00,2026,4,2026_04_DEN_SF,2026-10-04 20:25:00+00:00,DEN,SF,22.75882360222395,25.335750172509414,2.576926570285468,48.09457377473336,2.752066905132856,47.49999999999438,3.5816899733134746,46.62361797366783,2.5163265025348664,48.09457377473336,0.5748442990301764,0.5771656393707051,0.5720596355604638,2.5,3.0,100.0,-120.0,46.5,47.5,-110.0,-110.0,-148.0,124.0,SF,0.5748442990301764,DEN,3.0,-120.0,0.48135432986279364,0.5198048763775739,-0.04354594648209814,0.0,False,UNDER,0.5000000000001864,0.5000000000001864,-110.0,-0.04545454545418953,0.0,False,SF,-148.0,0.5734525494352694,-0.039079511757116214,0.0,False,25.10265397349065,21.520964000177177,3.1544244503480097,46.074094972323635,0.6082019859865868,SF,0.6082019859865868,SF,-3.0,0.5123383569723496,UNDER,0.5445859774881086,,,,,,,,,,,,,,,,
2026-09-30T15:19:07+00:00,2026,4,2026_04_KC_LV,2026-10-04 20:25:00+00:00,KC,LV,26.959326707873746,21.49115067920388,-5.468176028669865,48.450477387077626,-4.63733982200224,47.8701501208943,-5.051552374078082,44.80191793587475,-5.493303756868045,48.450477387077626,0.30960762687324106,0.3395337362421206,0.33635187580853815,-5.5,-4.5,-108.0,-112.0,43.5,47.5,-115.0,-105.0,185.0,-225.0,KC,0.6903923731267589,KC,-4.5,-112.0,0.5035729072661148,0.5035729072661148,-0.04680842553199699,0.0,False,OVER,0.5108342361863192,0.5108342361863192,-115.0,-0.04496208017340336,0.0,False,KC,-225.0,0.677165143557022,-0.021872570417634962,0.0,False,19.87518278089833,24.926735154976416,-4.171569372484898,44.1458135798147,0.32220522776436195,KC,0.6777947722356381,LV,4.5,0.5089655586677925,UNDER,0.5987418180174238,,,,,,,,,,,,,,,,
2026-09-30T15:19:07+00:00,2026,4,2026_04_LAC_SEA,2026-10-04 20:25:00+00:00,LAC,SEA,17.37070807526691,26.027233264859724,8.65652518959281,43.397941340126636,7.2092138491802995,42.99433556709225,8.690729600813695,41.116800807531746,8.654462226679243,43.397941340126636,0.7609798042634348,0.7443971316206137,0.76,3.0,7.0,-115.0,-105.0,45.5,42.5,-118.0,-102.0,-380.0,300.0,SEA,0.7609798042634348,SEA,-7.0,-115.0,0.48559878073467494,0.5109012256871006,-0.04261628906544285,0.0,False,OVER,0.5173641257161745,0.5173641257161745,-118.0,-0.04419169994808436,0.0,False,SEA,-380.0,0.7604902453678946,-0.039380742693185866,0.0,False,24.90376520417272,16.213035603359025,7.230604063925192,40.692283073797974,0.7618891362398222,SEA,0.7618891362398222,SEA,-7.0,0.5120119517023975,UNDER,0.5502058287980034,,,,,,,,,,,,,,,,
2026-09-30T15:19:07+00:00,2026,4,2026_04_DET_CAR,2026-10-05 00:20:00+00:00,DET,CAR,28.065883548995366,23.59204485138111,-4.473838697614252,51.65792840037648,-3.5384083628667513,51.07627869278941,-2.655627949472743,49.078758473232426,-4.583500031008953,51.65792840037648,0.3400196733133698,0.3675826323541321,0.38356164383561653,-3.0,-3.5,-108.0,-112.0,45.5,51.5,-102.0,-118.0,150.0,-180.0,DET,0.6599803266866302,DET,-3.5,-112.0,0.5010506625745619,0.5010506625745619,-0.05158267441243647,0.0,False,UNDER,0.5173641257162034,0.5173641257162034,-118.0,-0.04419169994803107,0.0,False,DET,-180.0,0.6384936824654517,-0.006787605053741819,0.0,False,23.21156526187984,25.867193211352586,-2.783581634132094,48.52642859659301,0.39833109872929445,DET,0.6016689012707055,CAR,3.5,0.5530064223476903,UNDER,0.5959181490298884,,,,,,,,,,,,,,,,
2026-09-30T15:19:07+00:00,2026,4,2026_04_ATL_NO,2026-10-06 00:15:00+00:00,ATL,NO,23.16370311263782,25.748995130297402,2.585292017659581,48.91269824293522,2.7554171918556123,48.35190261151381,1.4566692230966578,45.08869239466398,2.6533623888626607,48.91269824293522,0.5751245050975712,0.577413224294546,0.5720596355604638,2.5,3.0,-102.0,-118.0,45.5,48.5,-108.0,-112.0,-148.0,124.0,NO,0.5751245050975712,ATL,3.0,-118.0,0.4811060124752729,0.5195378061907957,-0.037203982416945114,0.0,False,UNDER,0.5043297540697127,0.5043297540697127,-112.0,-0.04537582265375811,0.0,False,NO,-148.0,0.5735927769245148,-0.03884453596432652,0.0,False,23.27268080888032,21.81601158578366,1.9575449158545584,44.37582721190695,0.537051165764365,NO,0.537051165764365,ATL,3.0,0.5553953633120964,UNDER,0.6187749176945907,,,,,,,,,,,,,,,,
